dataset,split,class_id,images,instances,instances_per_image_mean,equivalent_side_median_px,equivalent_side_p90_px,aspect_ratio_median,nearest_center_median_px,neighbor_probability,p3_area_lt_1,p3_min_dim_lt_1,p4_area_lt_1
ogsod-2.0,train,all,14250,37929,2.6616842105263157,8.813835700842406,23.838123251116137,2.049996646674306,28.692217437144627,0.40931740884283796,0.39674127975955076,0.7488465290411032,0.8232487015212634
ogsod-2.0,train,0,14250,23552,2.6616842105263157,9.327518365771766,19.23281469772068,2.881090737190359,56.91496024686855,0.13438349184782608,0.3156844429347826,0.8566151494565217,0.8471467391304348
ogsod-2.0,train,1,14250,3614,2.6616842105263157,45.70556356246212,98.92135737080045,2.049996646674306,66.22890640465627,0.646098505810736,0.00857775318206973,0.09380188157166575,0.21942446043165467
ogsod-2.0,train,2,14250,10763,2.6616842105263157,6.999938010105056,10.487929755517015,1.14284717802056,8.500091552734375,0.9314317569450896,0.7044504320356778,0.7329740778593329,0.9737062157391062
ogsod-2.0,val,all,2035,5430,2.6683046683046685,8.825741940896638,24.63794196590031,2.03171376418272,30.461743197576272,0.39779005524861877,0.4007366482504604,0.7616942909760589,0.8125230202578269
ogsod-2.0,val,0,2035,3425,2.6683046683046685,9.542232839051804,20.46909807032955,2.833320439620052,57.717139204797675,0.1272992700729927,0.3024817518248175,0.8394160583941606,0.8268613138686132
ogsod-2.0,val,1,2035,465,2.6683046683046685,45.58132697250176,100.2257778648116,2.0062511153685594,66.00200118308068,0.6451612903225806,0.010752688172043012,0.12043010752688173,0.2172043010752688
ogsod-2.0,val,2,2035,1540,2.6683046683046685,6.928278112031607,9.949870498472029,1.1666124407800071,8.499984742087477,0.9246753246753247,0.737012987012987,0.7824675324675324,0.9603896103896103
ogsod-2.0,test,all,4074,10716,2.630338733431517,8.95117123658314,24.829454279821718,2.083307211441299,30.82933442196696,0.39520343411720793,0.38251213139231055,0.7387084733109369,0.8161627472937664
ogsod-2.0,test,0,4074,6725,2.630338733431517,9.47711674203062,20.0796949150919,2.9321330962061256,60.79234793539979,0.12163568773234201,0.30379182156133827,0.8472862453531599,0.8370260223048327
ogsod-2.0,test,1,4074,1014,2.630338733431517,48.373485925764115,100.38217081256725,1.9292518321269072,71.05630694878411,0.636094674556213,0.006903353057199211,0.08678500986193294,0.21203155818540434
ogsod-2.0,test,2,4074,2977,2.630338733431517,6.999999761570016,10.488053564445332,1.14284717802056,8.54399124431941,0.9311387302653679,0.68827678871347,0.7154853879744709,0.9748068525361102
ogsod-1.0,train,all,14664,38966,2.657255864702673,8.831643289893837,23.45198598289574,2.149510570029516,31.720881692665774,0.3878252835805574,0.39028896987116973,0.762947184725145,0.832443668839501
ogsod-1.0,train,0,14664,25533,2.657255864702673,9.298669777372536,19.1570336688343,2.8307430154270414,56.800069727036586,0.13406180237339912,0.31931226256217443,0.860807582344417,0.8501155367563545
ogsod-1.0,train,1,14664,3306,2.657255864702673,55.00893962828093,103.53211584702987,2.218979254412824,71.94491827447342,0.7065940713853599,0.009074410163339383,0.10526315789473684,0.18451300665456746
ogsod-1.0,train,2,14664,10127,2.657255864702673,7.000062942504623,9.949869961864064,1.1666516201304853,8.944329913518494,0.9235706527105757,0.6936901352819196,0.7309173496593265,0.9994075244396169
ogsod-1.0,val,all,3667,9609,2.6203981456231253,8.999937057494915,24.18680474879875,2.187553296158305,34.504249096021866,0.3729836611510043,0.36965344989072746,0.7463835987095432,0.8261005307524196
ogsod-1.0,val,0,3667,6389,2.6203981456231253,9.429328543777665,19.62609009547845,2.8571693531979068,60.874626113606425,0.12208483330724683,0.30834246360932854,0.850837376741274,0.8425418688370637
ogsod-1.0,val,1,3667,803,2.6203981456231253,59.365576081157364,103.94883718718158,2.1370917494429804,73.48687250441088,0.7073474470734745,0.0062266500622665,0.09713574097135741,0.17310087173100872
ogsod-1.0,val,2,3667,2417,2.6203981456231253,7.348523734636062,10.0001220703125,1.1538339199077914,9.055442430010409,0.9251137774100124,0.6524617294166322,0.6859743483657427,0.9995862639635912
osprc,train,all,2640,13096,4.960606060606061,6.363917826126601,17.262470745799334,1.3332598853832893,7.2109303607015,0.5988087965791081,0.6874618204031765,0.8489615149664019,0.892104459376909
osprc,train,0,2640,5226,4.960606060606061,7.81744978607265,13.877395197885434,2.2000124168553703,60.936151112972496,0.10313815537696135,0.5290853425181783,0.9253731343283582,0.927860696517413
osprc,train,1,2640,1151,4.960606060606061,34.78377313515231,64.01507811439512,1.8420993560263785,50.36127582218022,0.5699391833188532,0.004344048653344918,0.04257167680278019,0.0999131190269331
osprc,train,2,2640,6719,4.960606060606061,4.647531231122773,7.00006103515625,1.0999968866192011,4.0000152587908815,0.9892841196606638,0.9276678077094805,0.9276678077094805,1.0
osprc,val,all,660,3184,4.824242424242424,6.244998898183952,16.893802364883374,1.312477140911638,8.602355422384662,0.5684673366834171,0.7032035175879398,0.8599246231155779,0.8966708542713567
osprc,val,0,660,1350,4.824242424242424,7.580055640933323,12.664858403762056,2.0909057230922077,59.77564810951188,0.08814814814814814,0.5785185185185185,0.9362962962962963,0.937037037037037
osprc,val,1,660,277,4.824242424242424,31.55754420590736,61.445344067700276,1.8928636677420028,50.60696211235181,0.51985559566787,0.010830324909747292,0.06859205776173286,0.11913357400722022
osprc,val,2,660,1557,4.824242424242424,4.242640623438036,7.000025939833261,1.0588252437593004,4.0,0.993577392421323,0.9344894026974951,0.9344894026974951,1.0
sfoc-1.0-100k-soa,train,all,4252,24126,5.674035747883349,36.26781285185588,113.33790253160441,2.4445288635941145,33.55851991401115,0.7981430821520351,0.24765812816049076,0.38560059686645115,0.4495979441266683
sfoc-1.0-100k-soa,train,0,4252,9176,5.674035747883349,62.25595151502578,135.81918007739654,1.2640369722735587,60.14743592936742,0.9050784655623365,0.008718395815170008,0.036290322580645164,0.1987794245858762
sfoc-1.0-100k-soa,train,3,4252,14950,5.674035747883349,23.67667730167088,88.01989016269204,3.2498350250418637,16.99985279794053,0.7325083612040134,0.394314381270903,0.6,0.6035451505016722
sfoc-1.0-100k-soa,test,all,1822,10687,5.865532381997805,43.65545799337,117.22466791989797,2.4195578294755826,43.12427990218134,0.7940488443903808,0.310751380181529,0.3959015626462057,0.4224759053055114
sfoc-1.0-100k-soa,test,0,1822,4013,5.865532381997805,92.52540524889332,135.07797822218566,1.2497290614112662,87.22733767949676,0.9269872913032644,0.0,0.0062297533017692495,0.03463742835783703
sfoc-1.0-100k-soa,test,3,1822,6674,5.865532381997805,16.51946155373863,87.41443919480405,3.0001433563616824,14.116375829221743,0.7141144740785136,0.4976026370991909,0.6302067725501947,0.6556787533712916
